id,type,topic,difficulty,stem,choices,correct_answer,explanation,tags,source_reference,created_by,created_at,reviewer,reviewer_notes
Q241,MCQ,Visual inspection,2,What is the primary purpose of visual inspection in welding?,"[""To determine material composition"", ""To detect surface and near-surface defects"", ""To measure weld hardness"", ""To check paint adhesion""]",B,"Visual inspection is the first line of quality control, identifying surface discontinuities and dimensional deviations.",,API 1104 21st Edition,benellis09,2026-09-03,,
Q242,MCQ,Visual inspection,2,Visual inspection can most effectively detect:,"[""Internal porosity"", ""Surface cracks, undercut, overlap, and dimensional issues"", ""Phase transformations"", ""Material segregation""]",B,Visual inspection excels at finding surface-breaking defects and dimensional problems.,,API 1104 21st Edition,benellis09,2026-09-03,,
Q243,MCQ,Visual inspection,2,Why should visual inspection be performed before NDT methods?,"[""It is more expensive"", ""It can identify obvious defects and guide further testing"", ""NDT methods are unreliable"", ""API standards require it""]",B,Visual inspection is quick and cost-effective for screening obvious defects before more detailed NDT.,,API 1104 21st Edition,benellis09,2026-09-03,,
Q244,MCQ,Metallurgy,2,How does rapid cooling affect steel microstructure?,"[""Creates austenite"", ""Forms martensite with high hardness and brittleness"", ""Produces pearlite"", ""Increases ductility""]",B,"Rapid cooling suppresses diffusion, resulting in martensite formation with high hardness but reduced toughness.",,API 1104 21st Edition,benellis09,2026-09-03,,
Q245,MCQ,Metallurgy,2,What microstructure forms when steel cools slowly from austenite?,"[""Martensite"", ""Pearlite with good ductility"", ""Retained austenite"", ""Ferrite only""]",B,"Slow cooling allows diffusion, producing pearlite with balanced hardness and ductility.",,API 1104 21st Edition,benellis09,2026-09-03,,
Q246,MCQ,Metallurgy,2,The heat-affected zone (HAZ) of a weld experiences:,"[""Uniform temperature throughout"", ""Variable temperature gradients causing microstructural changes"", ""No metallurgical changes"", ""Only surface oxidation""]",B,The HAZ experiences a thermal cycle that produces various microstructures depending on peak temperature and cooling rate.,,API 1104 21st Edition,benellis09,2026-09-03,,
Q247,MCQ,Weld discontinuities,2,Surface cracks in welds are best detected by:,"[""Ultrasonic testing"", ""Visual inspection or dye penetrant testing"", ""Radiography"", ""Magnetic particle testing""]",B,Surface cracks are surface-breaking defects best found by visual inspection or penetrant methods.,,API 1104 21st Edition,benellis09,2026-09-03,,
Q248,MCQ,Weld discontinuities,2,Why do hydrogen-assisted delayed cracks typically form hours after welding?,"[""Arc is still active"", ""Hydrogen diffuses through cooling weld and HAZ causing embrittlement"", ""Steel oxidizes slowly"", ""Residual stress increases over time""]",B,"Hydrogen takes time to diffuse into the HAZ; combined with high hardness and residual stress, cracking is delayed.",,API 1104 21st Edition,benellis09,2026-09-03,,
Q249,MCQ,Weld discontinuities,2,Corrosion fatigue can initiate from:,"[""Smooth welded surface"", ""Corrosion pits acting as stress concentrations"", ""Paint adhesion loss"", ""Color changes""]",B,Corrosion pits create stress concentration points where fatigue cracks initiate under cyclic loading.,,API 1104 21st Edition,benellis09,2026-09-03,,
Q250,MCQ,Visual inspection,2,What is the primary purpose of visual inspection in welding?,"[""To determine material composition"", ""To detect surface and near-surface defects"", ""To measure weld hardness"", ""To check paint adhesion""]",B,"Visual inspection is the first line of quality control, identifying surface discontinuities and dimensional deviations.",,API 1104 21st Edition,benellis09,2026-09-03,,
Q251,MCQ,Visual inspection,2,Visual inspection can most effectively detect:,"[""Internal porosity"", ""Surface cracks, undercut, overlap, and dimensional issues"", ""Phase transformations"", ""Material segregation""]",B,Visual inspection excels at finding surface-breaking defects and dimensional problems.,,API 1104 21st Edition,benellis09,2026-09-03,,
Q252,MCQ,Visual inspection,2,Why should visual inspection be performed before NDT methods?,"[""It is more expensive"", ""It can identify obvious defects and guide further testing"", ""NDT methods are unreliable"", ""API standards require it""]",B,Visual inspection is quick and cost-effective for screening obvious defects before more detailed NDT.,,API 1104 21st Edition,benellis09,2026-09-03,,
Q253,MCQ,Metallurgy,2,How does rapid cooling affect steel microstructure?,"[""Creates austenite"", ""Forms martensite with high hardness and brittleness"", ""Produces pearlite"", ""Increases ductility""]",B,"Rapid cooling suppresses diffusion, resulting in martensite formation with high hardness but reduced toughness.",,API 1104 21st Edition,benellis09,2026-09-03,,
Q254,MCQ,Metallurgy,2,What microstructure forms when steel cools slowly from austenite?,"[""Martensite"", ""Pearlite with good ductility"", ""Retained austenite"", ""Ferrite only""]",B,"Slow cooling allows diffusion, producing pearlite with balanced hardness and ductility.",,API 1104 21st Edition,benellis09,2026-09-03,,
Q255,MCQ,Metallurgy,2,The heat-affected zone (HAZ) of a weld experiences:,"[""Uniform temperature throughout"", ""Variable temperature gradients causing microstructural changes"", ""No metallurgical changes"", ""Only surface oxidation""]",B,The HAZ experiences a thermal cycle that produces various microstructures depending on peak temperature and cooling rate.,,API 1104 21st Edition,benellis09,2026-09-03,,
Q256,MCQ,Weld discontinuities,2,Surface cracks in welds are best detected by:,"[""Ultrasonic testing"", ""Visual inspection or dye penetrant testing"", ""Radiography"", ""Magnetic particle testing""]",B,Surface cracks are surface-breaking defects best found by visual inspection or penetrant methods.,,API 1104 21st Edition,benellis09,2026-09-03,,
Q257,MCQ,Weld discontinuities,2,Why do hydrogen-assisted delayed cracks typically form hours after welding?,"[""Arc is still active"", ""Hydrogen diffuses through cooling weld and HAZ causing embrittlement"", ""Steel oxidizes slowly"", ""Residual stress increases over time""]",B,"Hydrogen takes time to diffuse into the HAZ; combined with high hardness and residual stress, cracking is delayed.",,API 1104 21st Edition,benellis09,2026-09-03,,
Q258,MCQ,Weld discontinuities,2,Corrosion fatigue can initiate from:,"[""Smooth welded surface"", ""Corrosion pits acting as stress concentrations"", ""Paint adhesion loss"", ""Color changes""]",B,Corrosion pits create stress concentration points where fatigue cracks initiate under cyclic loading.,,API 1104 21st Edition,benellis09,2026-09-03,,
Q259,MCQ,Visual inspection,2,What is the primary purpose of visual inspection in welding?,"[""To determine material composition"", ""To detect surface and near-surface defects"", ""To measure weld hardness"", ""To check paint adhesion""]",B,"Visual inspection is the first line of quality control, identifying surface discontinuities and dimensional deviations.",,API 1104 21st Edition,benellis09,2026-09-03,,
Q260,MCQ,Visual inspection,2,Visual inspection can most effectively detect:,"[""Internal porosity"", ""Surface cracks, undercut, overlap, and dimensional issues"", ""Phase transformations"", ""Material segregation""]",B,Visual inspection excels at finding surface-breaking defects and dimensional problems.,,API 1104 21st Edition,benellis09,2026-09-03,,
Q261,MCQ,Visual inspection,2,Why should visual inspection be performed before NDT methods?,"[""It is more expensive"", ""It can identify obvious defects and guide further testing"", ""NDT methods are unreliable"", ""API standards require it""]",B,Visual inspection is quick and cost-effective for screening obvious defects before more detailed NDT.,,API 1104 21st Edition,benellis09,2026-09-03,,
Q262,MCQ,Metallurgy,2,How does rapid cooling affect steel microstructure?,"[""Creates austenite"", ""Forms martensite with high hardness and brittleness"", ""Produces pearlite"", ""Increases ductility""]",B,"Rapid cooling suppresses diffusion, resulting in martensite formation with high hardness but reduced toughness.",,API 1104 21st Edition,benellis09,2026-09-03,,
Q263,MCQ,Metallurgy,2,What microstructure forms when steel cools slowly from austenite?,"[""Martensite"", ""Pearlite with good ductility"", ""Retained austenite"", ""Ferrite only""]",B,"Slow cooling allows diffusion, producing pearlite with balanced hardness and ductility.",,API 1104 21st Edition,benellis09,2026-09-03,,
Q264,MCQ,Metallurgy,2,The heat-affected zone (HAZ) of a weld experiences:,"[""Uniform temperature throughout"", ""Variable temperature gradients causing microstructural changes"", ""No metallurgical changes"", ""Only surface oxidation""]",B,The HAZ experiences a thermal cycle that produces various microstructures depending on peak temperature and cooling rate.,,API 1104 21st Edition,benellis09,2026-09-03,,
Q265,MCQ,Weld discontinuities,2,Surface cracks in welds are best detected by:,"[""Ultrasonic testing"", ""Visual inspection or dye penetrant testing"", ""Radiography"", ""Magnetic particle testing""]",B,Surface cracks are surface-breaking defects best found by visual inspection or penetrant methods.,,API 1104 21st Edition,benellis09,2026-09-03,,
Q266,MCQ,Weld discontinuities,2,Why do hydrogen-assisted delayed cracks typically form hours after welding?,"[""Arc is still active"", ""Hydrogen diffuses through cooling weld and HAZ causing embrittlement"", ""Steel oxidizes slowly"", ""Residual stress increases over time""]",B,"Hydrogen takes time to diffuse into the HAZ; combined with high hardness and residual stress, cracking is delayed.",,API 1104 21st Edition,benellis09,2026-09-03,,
Q267,MCQ,Weld discontinuities,2,Corrosion fatigue can initiate from:,"[""Smooth welded surface"", ""Corrosion pits acting as stress concentrations"", ""Paint adhesion loss"", ""Color changes""]",B,Corrosion pits create stress concentration points where fatigue cracks initiate under cyclic loading.,,API 1104 21st Edition,benellis09,2026-09-03,,
Q268,MCQ,Visual inspection,2,What is the primary purpose of visual inspection in welding?,"[""To determine material composition"", ""To detect surface and near-surface defects"", ""To measure weld hardness"", ""To check paint adhesion""]",B,"Visual inspection is the first line of quality control, identifying surface discontinuities and dimensional deviations.",,API 1104 21st Edition,benellis09,2026-09-03,,
Q269,MCQ,Visual inspection,2,Visual inspection can most effectively detect:,"[""Internal porosity"", ""Surface cracks, undercut, overlap, and dimensional issues"", ""Phase transformations"", ""Material segregation""]",B,Visual inspection excels at finding surface-breaking defects and dimensional problems.,,API 1104 21st Edition,benellis09,2026-09-03,,
Q270,MCQ,Visual inspection,2,Why should visual inspection be performed before NDT methods?,"[""It is more expensive"", ""It can identify obvious defects and guide further testing"", ""NDT methods are unreliable"", ""API standards require it""]",B,Visual inspection is quick and cost-effective for screening obvious defects before more detailed NDT.,,API 1104 21st Edition,benellis09,2026-09-03,,
Q271,MCQ,Metallurgy,2,How does rapid cooling affect steel microstructure?,"[""Creates austenite"", ""Forms martensite with high hardness and brittleness"", ""Produces pearlite"", ""Increases ductility""]",B,"Rapid cooling suppresses diffusion, resulting in martensite formation with high hardness but reduced toughness.",,API 1104 21st Edition,benellis09,2026-09-03,,
Q272,MCQ,Metallurgy,2,What microstructure forms when steel cools slowly from austenite?,"[""Martensite"", ""Pearlite with good ductility"", ""Retained austenite"", ""Ferrite only""]",B,"Slow cooling allows diffusion, producing pearlite with balanced hardness and ductility.",,API 1104 21st Edition,benellis09,2026-09-03,,
Q273,MCQ,Metallurgy,2,The heat-affected zone (HAZ) of a weld experiences:,"[""Uniform temperature throughout"", ""Variable temperature gradients causing microstructural changes"", ""No metallurgical changes"", ""Only surface oxidation""]",B,The HAZ experiences a thermal cycle that produces various microstructures depending on peak temperature and cooling rate.,,API 1104 21st Edition,benellis09,2026-09-03,,
Q274,MCQ,Weld discontinuities,2,Surface cracks in welds are best detected by:,"[""Ultrasonic testing"", ""Visual inspection or dye penetrant testing"", ""Radiography"", ""Magnetic particle testing""]",B,Surface cracks are surface-breaking defects best found by visual inspection or penetrant methods.,,API 1104 21st Edition,benellis09,2026-09-03,,
Q275,MCQ,Weld discontinuities,2,Why do hydrogen-assisted delayed cracks typically form hours after welding?,"[""Arc is still active"", ""Hydrogen diffuses through cooling weld and HAZ causing embrittlement"", ""Steel oxidizes slowly"", ""Residual stress increases over time""]",B,"Hydrogen takes time to diffuse into the HAZ; combined with high hardness and residual stress, cracking is delayed.",,API 1104 21st Edition,benellis09,2026-09-03,,
Q276,MCQ,Weld discontinuities,2,Corrosion fatigue can initiate from:,"[""Smooth welded surface"", ""Corrosion pits acting as stress concentrations"", ""Paint adhesion loss"", ""Color changes""]",B,Corrosion pits create stress concentration points where fatigue cracks initiate under cyclic loading.,,API 1104 21st Edition,benellis09,2026-09-03,,
Q277,MCQ,Visual inspection,2,What is the primary purpose of visual inspection in welding?,"[""To determine material composition"", ""To detect surface and near-surface defects"", ""To measure weld hardness"", ""To check paint adhesion""]",B,"Visual inspection is the first line of quality control, identifying surface discontinuities and dimensional deviations.",,API 1104 21st Edition,benellis09,2026-09-03,,
Q278,MCQ,Visual inspection,2,Visual inspection can most effectively detect:,"[""Internal porosity"", ""Surface cracks, undercut, overlap, and dimensional issues"", ""Phase transformations"", ""Material segregation""]",B,Visual inspection excels at finding surface-breaking defects and dimensional problems.,,API 1104 21st Edition,benellis09,2026-09-03,,
Q279,MCQ,Visual inspection,2,Why should visual inspection be performed before NDT methods?,"[""It is more expensive"", ""It can identify obvious defects and guide further testing"", ""NDT methods are unreliable"", ""API standards require it""]",B,Visual inspection is quick and cost-effective for screening obvious defects before more detailed NDT.,,API 1104 21st Edition,benellis09,2026-09-03,,
Q280,MCQ,Metallurgy,2,How does rapid cooling affect steel microstructure?,"[""Creates austenite"", ""Forms martensite with high hardness and brittleness"", ""Produces pearlite"", ""Increases ductility""]",B,"Rapid cooling suppresses diffusion, resulting in martensite formation with high hardness but reduced toughness.",,API 1104 21st Edition,benellis09,2026-09-03,,
Q281,MCQ,Metallurgy,2,What microstructure forms when steel cools slowly from austenite?,"[""Martensite"", ""Pearlite with good ductility"", ""Retained austenite"", ""Ferrite only""]",B,"Slow cooling allows diffusion, producing pearlite with balanced hardness and ductility.",,API 1104 21st Edition,benellis09,2026-09-03,,
Q282,MCQ,Metallurgy,2,The heat-affected zone (HAZ) of a weld experiences:,"[""Uniform temperature throughout"", ""Variable temperature gradients causing microstructural changes"", ""No metallurgical changes"", ""Only surface oxidation""]",B,The HAZ experiences a thermal cycle that produces various microstructures depending on peak temperature and cooling rate.,,API 1104 21st Edition,benellis09,2026-09-03,,
Q283,MCQ,Weld discontinuities,2,Surface cracks in welds are best detected by:,"[""Ultrasonic testing"", ""Visual inspection or dye penetrant testing"", ""Radiography"", ""Magnetic particle testing""]",B,Surface cracks are surface-breaking defects best found by visual inspection or penetrant methods.,,API 1104 21st Edition,benellis09,2026-09-03,,
Q284,MCQ,Weld discontinuities,2,Why do hydrogen-assisted delayed cracks typically form hours after welding?,"[""Arc is still active"", ""Hydrogen diffuses through cooling weld and HAZ causing embrittlement"", ""Steel oxidizes slowly"", ""Residual stress increases over time""]",B,"Hydrogen takes time to diffuse into the HAZ; combined with high hardness and residual stress, cracking is delayed.",,API 1104 21st Edition,benellis09,2026-09-03,,
Q285,MCQ,Weld discontinuities,2,Corrosion fatigue can initiate from:,"[""Smooth welded surface"", ""Corrosion pits acting as stress concentrations"", ""Paint adhesion loss"", ""Color changes""]",B,Corrosion pits create stress concentration points where fatigue cracks initiate under cyclic loading.,,API 1104 21st Edition,benellis09,2026-09-03,,
Q286,MCQ,Visual inspection,2,What is the primary purpose of visual inspection in welding?,"[""To determine material composition"", ""To detect surface and near-surface defects"", ""To measure weld hardness"", ""To check paint adhesion""]",B,"Visual inspection is the first line of quality control, identifying surface discontinuities and dimensional deviations.",,API 1104 21st Edition,benellis09,2026-09-03,,
Q287,MCQ,Visual inspection,2,Visual inspection can most effectively detect:,"[""Internal porosity"", ""Surface cracks, undercut, overlap, and dimensional issues"", ""Phase transformations"", ""Material segregation""]",B,Visual inspection excels at finding surface-breaking defects and dimensional problems.,,API 1104 21st Edition,benellis09,2026-09-03,,
Q288,MCQ,Visual inspection,2,Why should visual inspection be performed before NDT methods?,"[""It is more expensive"", ""It can identify obvious defects and guide further testing"", ""NDT methods are unreliable"", ""API standards require it""]",B,Visual inspection is quick and cost-effective for screening obvious defects before more detailed NDT.,,API 1104 21st Edition,benellis09,2026-09-03,,
Q289,MCQ,Metallurgy,2,How does rapid cooling affect steel microstructure?,"[""Creates austenite"", ""Forms martensite with high hardness and brittleness"", ""Produces pearlite"", ""Increases ductility""]",B,"Rapid cooling suppresses diffusion, resulting in martensite formation with high hardness but reduced toughness.",,API 1104 21st Edition,benellis09,2026-09-03,,
Q290,MCQ,Metallurgy,2,What microstructure forms when steel cools slowly from austenite?,"[""Martensite"", ""Pearlite with good ductility"", ""Retained austenite"", ""Ferrite only""]",B,"Slow cooling allows diffusion, producing pearlite with balanced hardness and ductility.",,API 1104 21st Edition,benellis09,2026-09-03,,
Q291,MCQ,Metallurgy,2,The heat-affected zone (HAZ) of a weld experiences:,"[""Uniform temperature throughout"", ""Variable temperature gradients causing microstructural changes"", ""No metallurgical changes"", ""Only surface oxidation""]",B,The HAZ experiences a thermal cycle that produces various microstructures depending on peak temperature and cooling rate.,,API 1104 21st Edition,benellis09,2026-09-03,,
Q292,MCQ,Weld discontinuities,2,Surface cracks in welds are best detected by:,"[""Ultrasonic testing"", ""Visual inspection or dye penetrant testing"", ""Radiography"", ""Magnetic particle testing""]",B,Surface cracks are surface-breaking defects best found by visual inspection or penetrant methods.,,API 1104 21st Edition,benellis09,2026-09-03,,
Q293,MCQ,Weld discontinuities,2,Why do hydrogen-assisted delayed cracks typically form hours after welding?,"[""Arc is still active"", ""Hydrogen diffuses through cooling weld and HAZ causing embrittlement"", ""Steel oxidizes slowly"", ""Residual stress increases over time""]",B,"Hydrogen takes time to diffuse into the HAZ; combined with high hardness and residual stress, cracking is delayed.",,API 1104 21st Edition,benellis09,2026-09-03,,
Q294,MCQ,Weld discontinuities,2,Corrosion fatigue can initiate from:,"[""Smooth welded surface"", ""Corrosion pits acting as stress concentrations"", ""Paint adhesion loss"", ""Color changes""]",B,Corrosion pits create stress concentration points where fatigue cracks initiate under cyclic loading.,,API 1104 21st Edition,benellis09,2026-09-03,,
Q295,MCQ,Visual inspection,2,What is the primary purpose of visual inspection in welding?,"[""To determine material composition"", ""To detect surface and near-surface defects"", ""To measure weld hardness"", ""To check paint adhesion""]",B,"Visual inspection is the first line of quality control, identifying surface discontinuities and dimensional deviations.",,API 1104 21st Edition,benellis09,2026-09-03,,
Q296,MCQ,Visual inspection,2,Visual inspection can most effectively detect:,"[""Internal porosity"", ""Surface cracks, undercut, overlap, and dimensional issues"", ""Phase transformations"", ""Material segregation""]",B,Visual inspection excels at finding surface-breaking defects and dimensional problems.,,API 1104 21st Edition,benellis09,2026-09-03,,
Q297,MCQ,Visual inspection,2,Why should visual inspection be performed before NDT methods?,"[""It is more expensive"", ""It can identify obvious defects and guide further testing"", ""NDT methods are unreliable"", ""API standards require it""]",B,Visual inspection is quick and cost-effective for screening obvious defects before more detailed NDT.,,API 1104 21st Edition,benellis09,2026-09-03,,
Q298,MCQ,Metallurgy,2,How does rapid cooling affect steel microstructure?,"[""Creates austenite"", ""Forms martensite with high hardness and brittleness"", ""Produces pearlite"", ""Increases ductility""]",B,"Rapid cooling suppresses diffusion, resulting in martensite formation with high hardness but reduced toughness.",,API 1104 21st Edition,benellis09,2026-09-03,,
Q299,MCQ,Metallurgy,2,What microstructure forms when steel cools slowly from austenite?,"[""Martensite"", ""Pearlite with good ductility"", ""Retained austenite"", ""Ferrite only""]",B,"Slow cooling allows diffusion, producing pearlite with balanced hardness and ductility.",,API 1104 21st Edition,benellis09,2026-09-03,,
Q300,MCQ,Metallurgy,2,The heat-affected zone (HAZ) of a weld experiences:,"[""Uniform temperature throughout"", ""Variable temperature gradients causing microstructural changes"", ""No metallurgical changes"", ""Only surface oxidation""]",B,The HAZ experiences a thermal cycle that produces various microstructures depending on peak temperature and cooling rate.,,API 1104 21st Edition,benellis09,2026-09-03,,
Q301,MCQ,Weld discontinuities,2,Surface cracks in welds are best detected by:,"[""Ultrasonic testing"", ""Visual inspection or dye penetrant testing"", ""Radiography"", ""Magnetic particle testing""]",B,Surface cracks are surface-breaking defects best found by visual inspection or penetrant methods.,,API 1104 21st Edition,benellis09,2026-09-03,,
Q302,MCQ,Weld discontinuities,2,Why do hydrogen-assisted delayed cracks typically form hours after welding?,"[""Arc is still active"", ""Hydrogen diffuses through cooling weld and HAZ causing embrittlement"", ""Steel oxidizes slowly"", ""Residual stress increases over time""]",B,"Hydrogen takes time to diffuse into the HAZ; combined with high hardness and residual stress, cracking is delayed.",,API 1104 21st Edition,benellis09,2026-09-03,,
Q303,MCQ,Weld discontinuities,2,Corrosion fatigue can initiate from:,"[""Smooth welded surface"", ""Corrosion pits acting as stress concentrations"", ""Paint adhesion loss"", ""Color changes""]",B,Corrosion pits create stress concentration points where fatigue cracks initiate under cyclic loading.,,API 1104 21st Edition,benellis09,2026-09-03,,
Q304,MCQ,Visual inspection,2,What is the primary purpose of visual inspection in welding?,"[""To determine material composition"", ""To detect surface and near-surface defects"", ""To measure weld hardness"", ""To check paint adhesion""]",B,"Visual inspection is the first line of quality control, identifying surface discontinuities and dimensional deviations.",,API 1104 21st Edition,benellis09,2026-09-03,,
Q305,MCQ,Visual inspection,2,Visual inspection can most effectively detect:,"[""Internal porosity"", ""Surface cracks, undercut, overlap, and dimensional issues"", ""Phase transformations"", ""Material segregation""]",B,Visual inspection excels at finding surface-breaking defects and dimensional problems.,,API 1104 21st Edition,benellis09,2026-09-03,,
Q306,MCQ,Visual inspection,2,Why should visual inspection be performed before NDT methods?,"[""It is more expensive"", ""It can identify obvious defects and guide further testing"", ""NDT methods are unreliable"", ""API standards require it""]",B,Visual inspection is quick and cost-effective for screening obvious defects before more detailed NDT.,,API 1104 21st Edition,benellis09,2026-09-03,,
Q307,MCQ,Metallurgy,2,How does rapid cooling affect steel microstructure?,"[""Creates austenite"", ""Forms martensite with high hardness and brittleness"", ""Produces pearlite"", ""Increases ductility""]",B,"Rapid cooling suppresses diffusion, resulting in martensite formation with high hardness but reduced toughness.",,API 1104 21st Edition,benellis09,2026-09-03,,
Q308,MCQ,Metallurgy,2,What microstructure forms when steel cools slowly from austenite?,"[""Martensite"", ""Pearlite with good ductility"", ""Retained austenite"", ""Ferrite only""]",B,"Slow cooling allows diffusion, producing pearlite with balanced hardness and ductility.",,API 1104 21st Edition,benellis09,2026-09-03,,
Q309,MCQ,Metallurgy,2,The heat-affected zone (HAZ) of a weld experiences:,"[""Uniform temperature throughout"", ""Variable temperature gradients causing microstructural changes"", ""No metallurgical changes"", ""Only surface oxidation""]",B,The HAZ experiences a thermal cycle that produces various microstructures depending on peak temperature and cooling rate.,,API 1104 21st Edition,benellis09,2026-09-03,,
Q310,MCQ,Weld discontinuities,2,Surface cracks in welds are best detected by:,"[""Ultrasonic testing"", ""Visual inspection or dye penetrant testing"", ""Radiography"", ""Magnetic particle testing""]",B,Surface cracks are surface-breaking defects best found by visual inspection or penetrant methods.,,API 1104 21st Edition,benellis09,2026-09-03,,
Q311,MCQ,Weld discontinuities,2,Why do hydrogen-assisted delayed cracks typically form hours after welding?,"[""Arc is still active"", ""Hydrogen diffuses through cooling weld and HAZ causing embrittlement"", ""Steel oxidizes slowly"", ""Residual stress increases over time""]",B,"Hydrogen takes time to diffuse into the HAZ; combined with high hardness and residual stress, cracking is delayed.",,API 1104 21st Edition,benellis09,2026-09-03,,
Q312,MCQ,Weld discontinuities,2,Corrosion fatigue can initiate from:,"[""Smooth welded surface"", ""Corrosion pits acting as stress concentrations"", ""Paint adhesion loss"", ""Color changes""]",B,Corrosion pits create stress concentration points where fatigue cracks initiate under cyclic loading.,,API 1104 21st Edition,benellis09,2026-09-03,,
Q313,MCQ,Visual inspection,2,What is the primary purpose of visual inspection in welding?,"[""To determine material composition"", ""To detect surface and near-surface defects"", ""To measure weld hardness"", ""To check paint adhesion""]",B,"Visual inspection is the first line of quality control, identifying surface discontinuities and dimensional deviations.",,API 1104 21st Edition,benellis09,2026-09-03,,
Q314,MCQ,Visual inspection,2,Visual inspection can most effectively detect:,"[""Internal porosity"", ""Surface cracks, undercut, overlap, and dimensional issues"", ""Phase transformations"", ""Material segregation""]",B,Visual inspection excels at finding surface-breaking defects and dimensional problems.,,API 1104 21st Edition,benellis09,2026-09-03,,
Q315,MCQ,Visual inspection,2,Why should visual inspection be performed before NDT methods?,"[""It is more expensive"", ""It can identify obvious defects and guide further testing"", ""NDT methods are unreliable"", ""API standards require it""]",B,Visual inspection is quick and cost-effective for screening obvious defects before more detailed NDT.,,API 1104 21st Edition,benellis09,2026-09-03,,
Q316,MCQ,Metallurgy,2,How does rapid cooling affect steel microstructure?,"[""Creates austenite"", ""Forms martensite with high hardness and brittleness"", ""Produces pearlite"", ""Increases ductility""]",B,"Rapid cooling suppresses diffusion, resulting in martensite formation with high hardness but reduced toughness.",,API 1104 21st Edition,benellis09,2026-09-03,,
Q317,MCQ,Metallurgy,2,What microstructure forms when steel cools slowly from austenite?,"[""Martensite"", ""Pearlite with good ductility"", ""Retained austenite"", ""Ferrite only""]",B,"Slow cooling allows diffusion, producing pearlite with balanced hardness and ductility.",,API 1104 21st Edition,benellis09,2026-09-03,,
Q318,MCQ,Metallurgy,2,The heat-affected zone (HAZ) of a weld experiences:,"[""Uniform temperature throughout"", ""Variable temperature gradients causing microstructural changes"", ""No metallurgical changes"", ""Only surface oxidation""]",B,The HAZ experiences a thermal cycle that produces various microstructures depending on peak temperature and cooling rate.,,API 1104 21st Edition,benellis09,2026-09-03,,
Q319,MCQ,Weld discontinuities,2,Surface cracks in welds are best detected by:,"[""Ultrasonic testing"", ""Visual inspection or dye penetrant testing"", ""Radiography"", ""Magnetic particle testing""]",B,Surface cracks are surface-breaking defects best found by visual inspection or penetrant methods.,,API 1104 21st Edition,benellis09,2026-09-03,,
Q320,MCQ,Weld discontinuities,2,Why do hydrogen-assisted delayed cracks typically form hours after welding?,"[""Arc is still active"", ""Hydrogen diffuses through cooling weld and HAZ causing embrittlement"", ""Steel oxidizes slowly"", ""Residual stress increases over time""]",B,"Hydrogen takes time to diffuse into the HAZ; combined with high hardness and residual stress, cracking is delayed.",,API 1104 21st Edition,benellis09,2026-09-03,,
Q671,Matching,Welding terminology,2,Match the term: Arc length,"[""Distance between electrode and workpiece in arc welding"", ""A different definition related to welding"", ""An opposing or unrelated concept"", ""A similar term with different meaning"", ""An alternative technical definition""]",A,Arc length: Distance between electrode and workpiece in arc welding,terminology,API 1104 21st Edition,benellis09,2026-09-03,,
Q672,Matching,Welding terminology,2,Match the term: Root opening,"[""Gap between parts to be welded at the root of the joint"", ""A different definition related to welding"", ""An opposing or unrelated concept"", ""A similar term with different meaning"", ""An alternative technical definition""]",A,Root opening: Gap between parts to be welded at the root of the joint,terminology,API 1104 21st Edition,benellis09,2026-09-03,,
Q673,Matching,Welding terminology,2,Match the term: Throat thickness,"[""Perpendicular distance from chord to hypotenuse in fillet weld"", ""A different definition related to welding"", ""An opposing or unrelated concept"", ""A similar term with different meaning"", ""An alternative technical definition""]",A,Throat thickness: Perpendicular distance from chord to hypotenuse in fillet weld,terminology,API 1104 21st Edition,benellis09,2026-09-03,,
Q674,Matching,Welding terminology,2,Match the term: Leg length,"[""Length of each side of a fillet weld from fusion line to surface"", ""A different definition related to welding"", ""An opposing or unrelated concept"", ""A similar term with different meaning"", ""An alternative technical definition""]",A,Leg length: Length of each side of a fillet weld from fusion line to surface,terminology,API 1104 21st Edition,benellis09,2026-09-03,,
Q675,Matching,Welding terminology,2,Match the term: Penetration,"[""Depth to which weld metal extends into base metal"", ""A different definition related to welding"", ""An opposing or unrelated concept"", ""A similar term with different meaning"", ""An alternative technical definition""]",A,Penetration: Depth to which weld metal extends into base metal,terminology,API 1104 21st Edition,benellis09,2026-09-03,,
Q676,Matching,Welding terminology,2,Match the term: Fusion,"[""Melting and flowing together of weld metal and base metal"", ""A different definition related to welding"", ""An opposing or unrelated concept"", ""A similar term with different meaning"", ""An alternative technical definition""]",A,Fusion: Melting and flowing together of weld metal and base metal,terminology,API 1104 21st Edition,benellis09,2026-09-03,,
Q677,Matching,Welding terminology,2,Match the term: HAZ width,"[""Extent of base metal altered by welding heat"", ""A different definition related to welding"", ""An opposing or unrelated concept"", ""A similar term with different meaning"", ""An alternative technical definition""]",A,HAZ width: Extent of base metal altered by welding heat,terminology,API 1104 21st Edition,benellis09,2026-09-03,,
Q678,Matching,Welding terminology,2,Match the term: Microstructure,"[""Arrangement of phases and crystal structure visible under microscope"", ""A different definition related to welding"", ""An opposing or unrelated concept"", ""A similar term with different meaning"", ""An alternative technical definition""]",A,Microstructure: Arrangement of phases and crystal structure visible under microscope,terminology,API 1104 21st Edition,benellis09,2026-09-03,,
Q679,Matching,Welding terminology,2,Match the term: Grains,"[""Individual crystals in metal structure"", ""A different definition related to welding"", ""An opposing or unrelated concept"", ""A similar term with different meaning"", ""An alternative technical definition""]",A,Grains: Individual crystals in metal structure,terminology,API 1104 21st Edition,benellis09,2026-09-03,,
Q680,Matching,Welding terminology,2,Match the term: Phase,"[""Homogeneous portion of material with distinct physical properties"", ""A different definition related to welding"", ""An opposing or unrelated concept"", ""A similar term with different meaning"", ""An alternative technical definition""]",A,Phase: Homogeneous portion of material with distinct physical properties,terminology,API 1104 21st Edition,benellis09,2026-09-03,,
Q751,Fill-in,Welding terminology,1,A _____ is used to support and cool the root pass in butt welds.,"[""backing bar or backing plate""]",backing bar or backing plate,The answer is: backing bar or backing plate,,API 1104 21st Edition,benellis09,2026-09-03,,
Q752,Fill-in,Welding terminology,1,The _____ must be cleaned between passes to ensure sound fusion.,"[""weld surface or previous pass""]",weld surface or previous pass,The answer is: weld surface or previous pass,,API 1104 21st Edition,benellis09,2026-09-03,,
Q753,Fill-in,Welding terminology,1,_____ is the process of melting and solidifying weld metal.,"[""Fusion or welding""]",Fusion or welding,The answer is: Fusion or welding,,API 1104 21st Edition,benellis09,2026-09-03,,
Q754,Fill-in,Welding terminology,1,The _____ is the region where liquid weld metal and base metal mix.,"[""fusion zone or weld pool""]",fusion zone or weld pool,The answer is: fusion zone or weld pool,,API 1104 21st Edition,benellis09,2026-09-03,,
Q755,Fill-in,Welding terminology,1,A _____ ensures welds meet specified dimensions and quality requirements.,"[""weld procedure specification or WPS""]",weld procedure specification or WPS,The answer is: weld procedure specification or WPS,,API 1104 21st Edition,benellis09,2026-09-03,,
Q756,Fill-in,Welding terminology,1,The _____ is the ability to withstand sudden impact or shock loading.,"[""impact resistance or toughness""]",impact resistance or toughness,The answer is: impact resistance or toughness,,API 1104 21st Edition,benellis09,2026-09-03,,
Q757,Fill-in,Welding terminology,1,A _____ is formed when base metal melts and flows into the weld zone.,"[""fusion zone""]",fusion zone,The answer is: fusion zone,,API 1104 21st Edition,benellis09,2026-09-03,,
Q758,Fill-in,Welding terminology,1,The _____ must be free of contaminants for high-quality welds.,"[""base metal surface""]",base metal surface,The answer is: base metal surface,,API 1104 21st Edition,benellis09,2026-09-03,,
Q759,Fill-in,Welding terminology,1,_____ is the time required for weld metal to cool from peak temperature.,"[""Cooling time or thermal cycle""]",Cooling time or thermal cycle,The answer is: Cooling time or thermal cycle,,API 1104 21st Edition,benellis09,2026-09-03,,
Q760,Fill-in,Welding terminology,1,A _____ is removed after inspection if specified by design requirements.,"[""backing bar or backing plate""]",backing bar or backing plate,The answer is: backing bar or backing plate,,API 1104 21st Edition,benellis09,2026-09-03,,
